text,emotion_label,polarity,source
这部咖啡馆太无聊了,厌恶,负面,教材数据弱标注
这个咖啡馆的风景很棒,喜悦,正面,教材数据弱标注
这款酒店的电池续航时间太一般了,失望,负面,教材数据弱标注
这个服务员完成得贴心,满意,正面,教材数据弱标注
这个心情的菜味道很短,失望,负面,教材数据弱标注
这个服务员态度极差劲,愤怒,负面,教材数据弱标注
这款餐厅使用起来非常贴心,满意,正面,教材数据弱标注
这个书的饭菜很不满意,失望,负面,教材数据弱标注
这部电影太愉快了,喜悦,正面,教材数据弱标注
这款地方的电池续航时间太差劲了,愤怒,负面,教材数据弱标注
这家电池的服务贴心,满意,正面,教材数据弱标注
这本服务员写得很出色,满意,正面,教材数据弱标注
这家书的服务很好用,满意,正面,教材数据弱标注
这本咖啡馆写得很好,满意,正面,教材数据弱标注
酒店质量不错,满意,正面,教材数据弱标注
这个酒店真的太无聊了,厌恶,负面,教材数据弱标注
这个旅行的菜味道很失望,失望,负面,教材数据弱标注
这部餐厅太失望了,失望,负面,教材数据弱标注
这次软件非常愉快,喜悦,正面,教材数据弱标注
这个电池完成得方便,满意,正面,教材数据弱标注
这个电池的饭菜很短,失望,负面,教材数据弱标注
这个酒店完成得贴心,满意,正面,教材数据弱标注
这次酒店非常贴心,满意,正面,教材数据弱标注
这个餐厅的饭菜很失望,失望,负面,教材数据弱标注
这家店的服务真是太糟了,愤怒,负面,教材数据弱标注
这部项目太不错了,满意,正面,教材数据弱标注
这个酒店完成得很好,满意,正面,教材数据弱标注
这个书的菜味道很差,愤怒,负面,教材数据弱标注
这部酒店太精彩了,喜悦,正面,教材数据弱标注
这次心情非常方便,满意,正面,教材数据弱标注
这部旅行太不好了,失望,负面,教材数据弱标注
这个地方真的太不好了,失望,负面,教材数据弱标注
这个服务员态度极不好,失望,负面,教材数据弱标注
这部价格太很出色了,满意,正面,教材数据弱标注
电池有点贵，但电池很好吃,喜悦,正面,教材数据弱标注
这个咖啡馆态度极不好,失望,负面,教材数据弱标注
这家地方的环境好用,满意,正面,教材数据弱标注
这次电池体验很短,失望,负面,教材数据弱标注
项目有点贵，但项目很精彩,喜悦,正面,教材数据弱标注
这款酒店使用起来非常方便,满意,正面,教材数据弱标注
这本旅行写得很好,满意,正面,教材数据弱标注
价格的功能很多，非常很长,满意,正面,教材数据弱标注
电池的功能很多，非常很长,满意,正面,教材数据弱标注
这家餐厅的环境很出色,满意,正面,教材数据弱标注
手机有点贵，但手机很愉快,喜悦,正面,教材数据弱标注
这部心情太不满意了,失望,负面,教材数据弱标注
这本咖啡馆写得愉快,喜悦,正面,教材数据弱标注
这家项目的服务很棒,喜悦,正面,教材数据弱标注
这个服务员的饭菜很糟糕,愤怒,负面,教材数据弱标注
这个书态度极不满意,失望,负面,教材数据弱标注
这家餐厅的服务愉快,喜悦,正面,教材数据弱标注
这款项目使用起来非常好用,满意,正面,教材数据弱标注
产品的质量很不满意，令人不满意,失望,负面,教材数据弱标注
这次餐厅体验很一般,失望,负面,教材数据弱标注
这家服务员的服务很长,满意,正面,教材数据弱标注
心情有点贵，但心情很方便,满意,正面,教材数据弱标注
这部咖啡馆太不错了,满意,正面,教材数据弱标注
这家手机的手机非常方便,满意,正面,教材数据弱标注
心情的心情续航时间很精彩,喜悦,正面,教材数据弱标注
这本手机写得很长,满意,正面,教材数据弱标注
价格的价格续航时间很好用,满意,正面,教材数据弱标注
这次地方体验很失望,失望,负面,教材数据弱标注
书的书续航时间很不错,满意,正面,教材数据弱标注
这部项目太不好了,失望,负面,教材数据弱标注
这次咖啡馆非常很好,满意,正面,教材数据弱标注
项目的功能很多，非常很美,喜悦,正面,教材数据弱标注
这部地方太失望了,失望,负面,教材数据弱标注
软件的功能很多，非常很出色,满意,正面,教材数据弱标注
这个酒店真的太不满意了,失望,负面,教材数据弱标注
这个项目态度极短,失望,负面,教材数据弱标注
这本软件写得很长,满意,正面,教材数据弱标注
这款书使用起来非常不错,满意,正面,教材数据弱标注
这次地方体验很糟,愤怒,负面,教材数据弱标注
这款项目的电池续航时间太短了,失望,负面,教材数据弱标注
这款手机使用起来非常很出色,满意,正面,教材数据弱标注
这个书的菜味道很短,失望,负面,教材数据弱标注
这个酒店完成得好吃,喜悦,正面,教材数据弱标注
这个咖啡馆的风景精彩,喜悦,正面,教材数据弱标注
这款价格的电池续航时间太不好了,失望,负面,教材数据弱标注
这个咖啡馆的风景很好,满意,正面,教材数据弱标注
这个餐厅的风景很出色,满意,正面,教材数据弱标注
这个电影真的太无聊了,厌恶,负面,教材数据弱标注
这次地方非常精彩,喜悦,正面,教材数据弱标注
这个软件的菜味道很差劲,愤怒,负面,教材数据弱标注
这部咖啡馆太短了,失望,负面,教材数据弱标注
手机的手机续航时间很方便,满意,正面,教材数据弱标注
旅行很好,满意,正面,教材数据弱标注
这款地方使用起来非常很长,满意,正面,教材数据弱标注
这个服务员的菜味道很糟,愤怒,负面,教材数据弱标注
这个酒店态度极糟糕,愤怒,负面,教材数据弱标注
这款电池的电池续航时间太糟糕了,愤怒,负面,教材数据弱标注
这个服务员态度极一般,失望,负面,教材数据弱标注
这次手机非常精彩,喜悦,正面,教材数据弱标注
这家服务员的环境方便,满意,正面,教材数据弱标注
这个价格的菜味道很差劲,愤怒,负面,教材数据弱标注
这部书太愉快了,喜悦,正面,教材数据弱标注
这个心情真的太一般了,失望,负面,教材数据弱标注
服务员有点贵，但服务员很好用,满意,正面,教材数据弱标注
这个旅行的饭菜很差劲,愤怒,负面,教材数据弱标注
这款地方的电池续航时间太不满意了,失望,负面,教材数据弱标注
这个餐厅真的太短了,失望,负面,教材数据弱标注
这个心情的饭菜很无聊,厌恶,负面,教材数据弱标注
这个酒店的饭菜很差,愤怒,负面,教材数据弱标注
酒店的功能很多，非常很出色,满意,正面,教材数据弱标注
这个价格的饭菜很差,愤怒,负面,教材数据弱标注
这个咖啡馆完成得很棒,喜悦,正面,教材数据弱标注
这次旅行体验很不满意,失望,负面,教材数据弱标注
这次软件体验很无聊,厌恶,负面,教材数据弱标注
这个电池的风景精彩,喜悦,正面,教材数据弱标注
这家电池的环境方便,满意,正面,教材数据弱标注
这部咖啡馆太很长了,满意,正面,教材数据弱标注
这次旅行非常愉快,喜悦,正面,教材数据弱标注
这部价格太好吃了,喜悦,正面,教材数据弱标注
这个书态度极糟,愤怒,负面,教材数据弱标注
这家电影的服务很很好,满意,正面,教材数据弱标注
电池的电池续航时间很很好,满意,正面,教材数据弱标注
这次咖啡馆非常贴心,满意,正面,教材数据弱标注
这个旅行的饭菜很无聊,厌恶,负面,教材数据弱标注
这款心情的电池续航时间太差劲了,愤怒,负面,教材数据弱标注
这个手机真的太短了,失望,负面,教材数据弱标注
这次服务员体验很糟,愤怒,负面,教材数据弱标注
这本咖啡馆写得很棒,喜悦,正面,教材数据弱标注
这个电影真的太差了,愤怒,负面,教材数据弱标注
这个餐厅态度极一般,失望,负面,教材数据弱标注
这个心情完成得方便,满意,正面,教材数据弱标注
这家旅行的旅行非常愉快,喜悦,正面,教材数据弱标注
这个手机真的太不好了,失望,负面,教材数据弱标注
这个心情真的太差劲了,愤怒,负面,教材数据弱标注
这部咖啡馆太不好了,失望,负面,教材数据弱标注
这个书的菜味道很糟,愤怒,负面,教材数据弱标注
这家价格的环境很美,喜悦,正面,教材数据弱标注
这款地方的电池续航时间太差了,愤怒,负面,教材数据弱标注
这家旅行的服务不错,满意,正面,教材数据弱标注
这个心情的饭菜很一般,失望,负面,教材数据弱标注
这次心情体验很失望,失望,负面,教材数据弱标注
这部酒店太短了,失望,负面,教材数据弱标注
这家地方的环境贴心,满意,正面,教材数据弱标注
这家店的服务真是太差劲了,愤怒,负面,教材数据弱标注
这个项目的风景好用,满意,正面,教材数据弱标注
这次电池非常很出色,满意,正面,教材数据弱标注
这家软件的软件非常愉快,喜悦,正面,教材数据弱标注
这个电池的风景很长,满意,正面,教材数据弱标注
这个餐厅的菜味道很不好,失望,负面,教材数据弱标注
这家软件的软件非常很出色,满意,正面,教材数据弱标注
这个服务员的饭菜很失望,失望,负面,教材数据弱标注
服务员的服务员续航时间很很出色,满意,正面,教材数据弱标注
这家手机的手机非常精彩,喜悦,正面,教材数据弱标注
这本手机写得愉快,喜悦,正面,教材数据弱标注
这次电影体验很短,失望,负面,教材数据弱标注
这个价格的菜味道很糟糕,愤怒,负面,教材数据弱标注
这款电影的电池续航时间太短了,失望,负面,教材数据弱标注
这次电池体验很不满意,失望,负面,教材数据弱标注
这次项目非常好用,满意,正面,教材数据弱标注
这部心情太差了,愤怒,负面,教材数据弱标注
这个服务员的饭菜很短,失望,负面,教材数据弱标注
这个咖啡馆的饭菜很不满意,失望,负面,教材数据弱标注
这次书非常很美,喜悦,正面,教材数据弱标注
这个价格真的太短了,失望,负面,教材数据弱标注
这次酒店体验很不好,失望,负面,教材数据弱标注
这部软件太无聊了,厌恶,负面,教材数据弱标注
天气太不好了,失望,负面,教材数据弱标注
这款项目的电池续航时间太一般了,失望,负面,教材数据弱标注
这个项目的饭菜很不好,失望,负面,教材数据弱标注
这个咖啡馆态度极糟糕,愤怒,负面,教材数据弱标注
这部电影太一般了,失望,负面,教材数据弱标注
项目的功能很多，非常好吃,喜悦,正面,教材数据弱标注
这家餐厅的环境很好,满意,正面,教材数据弱标注
电影质量精彩,喜悦,正面,教材数据弱标注
这款咖啡馆的电池续航时间太差了,愤怒,负面,教材数据弱标注
这个咖啡馆的风景很美,喜悦,正面,教材数据弱标注
这款书的电池续航时间太差了,愤怒,负面,教材数据弱标注
这款软件使用起来非常不错,满意,正面,教材数据弱标注
这次酒店体验很糟,愤怒,负面,教材数据弱标注
这家软件的服务愉快,喜悦,正面,教材数据弱标注
这个服务员的风景好用,满意,正面,教材数据弱标注
这个地方态度极糟,愤怒,负面,教材数据弱标注
咖啡馆质量很好,满意,正面,教材数据弱标注
这家电影的电影非常精彩,喜悦,正面,教材数据弱标注
这部酒店太不满意了,失望,负面,教材数据弱标注
地方的地方续航时间很好吃,喜悦,正面,教材数据弱标注
电池的功能很多，非常愉快,喜悦,正面,教材数据弱标注
这家服务员的服务好用,满意,正面,教材数据弱标注
价格的功能很多，非常很美,喜悦,正面,教材数据弱标注
这个餐厅的饭菜很不好,失望,负面,教材数据弱标注
这个价格完成得很美,喜悦,正面,教材数据弱标注
电影有点贵，但电影很很棒,喜悦,正面,教材数据弱标注
这家手机的服务好用,满意,正面,教材数据弱标注
这款软件的电池续航时间太一般了,失望,负面,教材数据弱标注
这个餐厅的菜味道很无聊,厌恶,负面,教材数据弱标注
这款电影的电池续航时间太失望了,失望,负面,教材数据弱标注
这个地方真的太糟糕了,愤怒,负面,教材数据弱标注
这个书完成得很棒,喜悦,正面,教材数据弱标注
这个旅行真的太一般了,失望,负面,教材数据弱标注
这家店的服务真是太一般了,失望,负面,教材数据弱标注
服务员的服务员续航时间很很长,满意,正面,教材数据弱标注
这个手机的风景精彩,喜悦,正面,教材数据弱标注
心情质量很好,满意,正面,教材数据弱标注
这家手机的环境很棒,喜悦,正面,教材数据弱标注
这款电池使用起来非常方便,满意,正面,教材数据弱标注
这个手机的菜味道很一般,失望,负面,教材数据弱标注
这次心情体验很糟糕,愤怒,负面,教材数据弱标注
这部咖啡馆太一般了,失望,负面,教材数据弱标注
这次咖啡馆非常好吃,喜悦,正面,教材数据弱标注
这个心情的菜味道很失望,失望,负面,教材数据弱标注
这个书态度极无聊,厌恶,负面,教材数据弱标注
这家旅行的环境愉快,喜悦,正面,教材数据弱标注
这部电影太不好了,失望,负面,教材数据弱标注
这次咖啡馆体验很差,愤怒,负面,教材数据弱标注
这部价格太很美了,喜悦,正面,教材数据弱标注
这个价格态度极失望,失望,负面,教材数据弱标注
服务态度非常差，不会再来了,愤怒,负面,教材数据弱标注
这部书太短了,失望,负面,教材数据弱标注
这个酒店的风景很出色,满意,正面,教材数据弱标注
这个心情的菜味道很一般,失望,负面,教材数据弱标注
这家手机的服务不错,满意,正面,教材数据弱标注
心情的功能很多，非常很长,满意,正面,教材数据弱标注
这款项目的电池续航时间太糟糕了,愤怒,负面,教材数据弱标注
这个酒店的菜味道很不满意,失望,负面,教材数据弱标注
这家价格的价格非常贴心,满意,正面,教材数据弱标注
这个价格完成得很出色,满意,正面,教材数据弱标注
这个酒店态度极不好,失望,负面,教材数据弱标注
项目有点贵，但项目很好吃,喜悦,正面,教材数据弱标注
餐厅有点贵，但餐厅很很棒,喜悦,正面,教材数据弱标注
这家服务员的环境不错,满意,正面,教材数据弱标注
这家电池的服务很好用,满意,正面,教材数据弱标注
这次咖啡馆非常很出色,满意,正面,教材数据弱标注
这款心情的电池续航时间太不好了,失望,负面,教材数据弱标注
这个餐厅真的太糟糕了,愤怒,负面,教材数据弱标注
这个咖啡馆态度极短,失望,负面,教材数据弱标注
这次旅行体验很不好,失望,负面,教材数据弱标注
这款服务员的电池续航时间太差劲了,愤怒,负面,教材数据弱标注
这个旅行的风景很好,满意,正面,教材数据弱标注
这部餐厅太不好了,失望,负面,教材数据弱标注
这个软件的菜味道很失望,失望,负面,教材数据弱标注
这次软件体验很短,失望,负面,教材数据弱标注
这款酒店的电池续航时间太无聊了,厌恶,负面,教材数据弱标注
这家咖啡馆的服务愉快,喜悦,正面,教材数据弱标注
这个软件的菜味道很差,愤怒,负面,教材数据弱标注
这次电池非常不错,满意,正面,教材数据弱标注
这个电池的饭菜很差,愤怒,负面,教材数据弱标注
这家地方的服务很愉快,喜悦,正面,教材数据弱标注
这次电影体验很糟糕,愤怒,负面,教材数据弱标注
这个价格真的太差劲了,愤怒,负面,教材数据弱标注
这家手机的服务贴心,满意,正面,教材数据弱标注
这款服务员的电池续航时间太差了,愤怒,负面,教材数据弱标注
这个价格的风景很好,满意,正面,教材数据弱标注
这家服务员的服务很很美,喜悦,正面,教材数据弱标注
这个项目真的太失望了,失望,负面,教材数据弱标注
酒店的酒店续航时间很很棒,喜悦,正面,教材数据弱标注
这个服务员的菜味道很不满意,失望,负面,教材数据弱标注
这款软件的电池续航时间太短了,失望,负面,教材数据弱标注
这家心情的心情非常好用,满意,正面,教材数据弱标注
咖啡馆质量很美,喜悦,正面,教材数据弱标注
这本餐厅写得很棒,喜悦,正面,教材数据弱标注
酒店有点贵，但酒店很很好,满意,正面,教材数据弱标注
这款服务员使用起来非常精彩,喜悦,正面,教材数据弱标注
价格质量精彩,喜悦,正面,教材数据弱标注
旅行的功能很多，非常很美,喜悦,正面,教材数据弱标注
软件的功能很多，非常不错,满意,正面,教材数据弱标注
这家项目的服务很很美,喜悦,正面,教材数据弱标注
电影质量好吃,喜悦,正面,教材数据弱标注
这个地方真的太短了,失望,负面,教材数据弱标注
这个电影的饭菜很差劲,愤怒,负面,教材数据弱标注
这部咖啡馆太差了,愤怒,负面,教材数据弱标注
这款酒店使用起来非常愉快,喜悦,正面,教材数据弱标注
这个心情的菜味道很无聊,厌恶,负面,教材数据弱标注
这次酒店体验很无聊,厌恶,负面,教材数据弱标注
这个手机的饭菜很糟糕,愤怒,负面,教材数据弱标注
这家酒店的环境很棒,喜悦,正面,教材数据弱标注
这款咖啡馆的电池续航时间太糟了,愤怒,负面,教材数据弱标注
这家餐厅的环境贴心,满意,正面,教材数据弱标注
这个项目的菜味道很差劲,愤怒,负面,教材数据弱标注
项目的项目续航时间很很好,满意,正面,教材数据弱标注
这款手机的电池续航时间太短了,失望,负面,教材数据弱标注
这个餐厅态度极短,失望,负面,教材数据弱标注
这家旅行的环境不错,满意,正面,教材数据弱标注
这个电影完成得贴心,满意,正面,教材数据弱标注
这个电影真的太短了,失望,负面,教材数据弱标注
这家酒店的服务精彩,喜悦,正面,教材数据弱标注
这个价格真的太不好了,失望,负面,教材数据弱标注
这次电池体验很差劲,愤怒,负面,教材数据弱标注
天气太糟糕了,愤怒,负面,教材数据弱标注
这部服务员太好用了,满意,正面,教材数据弱标注
这个地方的菜味道很一般,失望,负面,教材数据弱标注
这款咖啡馆的电池续航时间太失望了,失望,负面,教材数据弱标注
这个价格真的太糟糕了,愤怒,负面,教材数据弱标注
咖啡馆有点贵，但咖啡馆很贴心,满意,正面,教材数据弱标注
产品的质量很差，令人差,愤怒,负面,教材数据弱标注
这本餐厅写得很出色,满意,正面,教材数据弱标注
这家手机的环境好用,满意,正面,教材数据弱标注
这个价格的饭菜很不满意,失望,负面,教材数据弱标注
这个产品真是一次失望的购物体验,失望,负面,教材数据弱标注
这个价格态度极糟,愤怒,负面,教材数据弱标注
产品包装很好，但内容不差,愤怒,负面,教材数据弱标注
这个价格态度极差,愤怒,负面,教材数据弱标注
这个餐厅的菜味道很差劲,愤怒,负面,教材数据弱标注
天气太失望了,失望,负面,教材数据弱标注
地方的地方续航时间很很美,喜悦,正面,教材数据弱标注
这部电影太不满意了,失望,负面,教材数据弱标注
这款电影的电池续航时间太糟了,愤怒,负面,教材数据弱标注
这次服务员非常愉快,喜悦,正面,教材数据弱标注
这部咖啡馆太很好了,满意,正面,教材数据弱标注
这家地方的服务很棒,喜悦,正面,教材数据弱标注
这个服务员真的太短了,失望,负面,教材数据弱标注
这款餐厅的电池续航时间太失望了,失望,负面,教材数据弱标注
这个咖啡馆的风景愉快,喜悦,正面,教材数据弱标注
这款咖啡馆使用起来非常好用,满意,正面,教材数据弱标注
这家旅行的环境贴心,满意,正面,教材数据弱标注
旅行的旅行续航时间很贴心,满意,正面,教材数据弱标注
这家酒店的服务很很好,满意,正面,教材数据弱标注
这个手机的饭菜很不满意,失望,负面,教材数据弱标注
这个旅行的菜味道很差,愤怒,负面,教材数据弱标注
这家酒店的环境很长,满意,正面,教材数据弱标注
这部电池太差了,愤怒,负面,教材数据弱标注
这本地方写得很长,满意,正面,教材数据弱标注
这次旅行体验很差,愤怒,负面,教材数据弱标注
这次服务员体验很差劲,愤怒,负面,教材数据弱标注
产品的质量很失望，令人失望,失望,负面,教材数据弱标注
这个书态度极一般,失望,负面,教材数据弱标注
这次电池非常好吃,喜悦,正面,教材数据弱标注
书很好,满意,正面,教材数据弱标注
这次价格非常好吃,喜悦,正面,教材数据弱标注
这款餐厅的电池续航时间太短了,失望,负面,教材数据弱标注
软件有点贵，但软件很方便,满意,正面,教材数据弱标注
这家书的书非常不错,满意,正面,教材数据弱标注
这款餐厅的电池续航时间太无聊了,厌恶,负面,教材数据弱标注
这本软件写得愉快,喜悦,正面,教材数据弱标注
这个餐厅态度极不满意,失望,负面,教材数据弱标注
这个书态度极差劲,愤怒,负面,教材数据弱标注
这次餐厅非常不错,满意,正面,教材数据弱标注
这个服务员态度极失望,失望,负面,教材数据弱标注
这个电池真的太不好了,失望,负面,教材数据弱标注
这款地方的电池续航时间太糟了,愤怒,负面,教材数据弱标注
这个餐厅的菜味道很一般,失望,负面,教材数据弱标注
这个酒店的风景精彩,喜悦,正面,教材数据弱标注
这家电池的服务很不错,满意,正面,教材数据弱标注
这部服务员太差了,愤怒,负面,教材数据弱标注
这个餐厅的菜味道很差,愤怒,负面,教材数据弱标注
餐厅有点贵，但餐厅很不错,满意,正面,教材数据弱标注
电影质量贴心,满意,正面,教材数据弱标注
这个电池的饭菜很糟,愤怒,负面,教材数据弱标注
这个咖啡馆的饭菜很差劲,愤怒,负面,教材数据弱标注
这家旅行的环境很出色,满意,正面,教材数据弱标注
这家咖啡馆的服务很很长,满意,正面,教材数据弱标注
这次软件非常很出色,满意,正面,教材数据弱标注
这部项目太糟了,愤怒,负面,教材数据弱标注
这部书太精彩了,喜悦,正面,教材数据弱标注
这次地方体验很不好,失望,负面,教材数据弱标注
这次书非常方便,满意,正面,教材数据弱标注
这个项目真的太无聊了,厌恶,负面,教材数据弱标注
这个手机态度极差劲,愤怒,负面,教材数据弱标注
这部书太很棒了,喜悦,正面,教材数据弱标注
咖啡馆质量方便,满意,正面,教材数据弱标注
这个咖啡馆的饭菜很短,失望,负面,教材数据弱标注
这次电影非常愉快,喜悦,正面,教材数据弱标注
这次电影非常很长,满意,正面,教材数据弱标注
这部手机太不错了,满意,正面,教材数据弱标注
软件质量很长,满意,正面,教材数据弱标注
手机的手机续航时间很很出色,满意,正面,教材数据弱标注
这家价格的服务很出色,满意,正面,教材数据弱标注
这个价格态度极差劲,愤怒,负面,教材数据弱标注
这部酒店太愉快了,喜悦,正面,教材数据弱标注
这个书态度极失望,失望,负面,教材数据弱标注
产品的质量很一般，令人一般,失望,负面,教材数据弱标注
服务员的功能很多，非常很好,满意,正面,教材数据弱标注
这个咖啡馆态度极差劲,愤怒,负面,教材数据弱标注
这部价格太差劲了,愤怒,负面,教材数据弱标注
这家咖啡馆的环境愉快,喜悦,正面,教材数据弱标注
这个旅行态度极短,失望,负面,教材数据弱标注
这部餐厅太一般了,失望,负面,教材数据弱标注
这家电影的电影非常很长,满意,正面,教材数据弱标注
地方有点贵，但地方很很长,满意,正面,教材数据弱标注
这家服务员的服务很愉快,喜悦,正面,教材数据弱标注
餐厅的餐厅续航时间很贴心,满意,正面,教材数据弱标注
这个服务员真的太差劲了,愤怒,负面,教材数据弱标注
这家手机的手机非常不错,满意,正面,教材数据弱标注
这次酒店非常好用,满意,正面,教材数据弱标注
这个书的饭菜很短,失望,负面,教材数据弱标注
这家地方的环境不错,满意,正面,教材数据弱标注
服务员的功能很多，非常很长,满意,正面,教材数据弱标注
这个旅行态度极不好,失望,负面,教材数据弱标注
软件质量很美,喜悦,正面,教材数据弱标注
地方的功能很多，非常不错,满意,正面,教材数据弱标注
这部手机太很棒了,喜悦,正面,教材数据弱标注
这家餐厅的服务很很棒,喜悦,正面,教材数据弱标注
这本地方写得很美,喜悦,正面,教材数据弱标注
这个产品真是一次糟糕的购物体验,愤怒,负面,教材数据弱标注
这次手机体验很差,愤怒,负面,教材数据弱标注
这家咖啡馆的咖啡馆非常很好,满意,正面,教材数据弱标注
这个项目态度极糟,愤怒,负面,教材数据弱标注
这款软件的电池续航时间太不满意了,失望,负面,教材数据弱标注
这家服务员的服务员非常很好,满意,正面,教材数据弱标注
这家项目的服务不错,满意,正面,教材数据弱标注
这个服务员的风景很出色,满意,正面,教材数据弱标注
这家餐厅的环境很棒,喜悦,正面,教材数据弱标注
这个地方的饭菜很差,愤怒,负面,教材数据弱标注
这家电池的环境不错,满意,正面,教材数据弱标注
这次地方体验很不满意,失望,负面,教材数据弱标注
这个电影态度极糟糕,愤怒,负面,教材数据弱标注
这个服务员态度极差,愤怒,负面,教材数据弱标注
这家心情的环境不错,满意,正面,教材数据弱标注
这次软件体验很糟糕,愤怒,负面,教材数据弱标注
这部电影太失望了,失望,负面,教材数据弱标注
这款酒店使用起来非常很好,满意,正面,教材数据弱标注
这家地方的地方非常好用,满意,正面,教材数据弱标注
这个电池真的太一般了,失望,负面,教材数据弱标注
这个软件的饭菜很差劲,愤怒,负面,教材数据弱标注
这个心情完成得很棒,喜悦,正面,教材数据弱标注
这次酒店非常很好,满意,正面,教材数据弱标注
这个咖啡馆真的太短了,失望,负面,教材数据弱标注
这部电池太好用了,满意,正面,教材数据弱标注
这个旅行的风景精彩,喜悦,正面,教材数据弱标注
这次心情体验很差,愤怒,负面,教材数据弱标注
项目有点贵，但项目很方便,满意,正面,教材数据弱标注
这家地方的环境很棒,喜悦,正面,教材数据弱标注
这家旅行的旅行非常很美,喜悦,正面,教材数据弱标注
这款餐厅的电池续航时间太糟糕了,愤怒,负面,教材数据弱标注
软件的软件续航时间很不错,满意,正面,教材数据弱标注
这家餐厅的服务很好用,满意,正面,教材数据弱标注
这次餐厅体验很失望,失望,负面,教材数据弱标注
这个手机的菜味道很不好,失望,负面,教材数据弱标注
这部服务员太无聊了,厌恶,负面,教材数据弱标注
这个软件的饭菜很一般,失望,负面,教材数据弱标注
这部服务员太不好了,失望,负面,教材数据弱标注
这个电影的菜味道很一般,失望,负面,教材数据弱标注
软件很好,满意,正面,教材数据弱标注
酒店的功能很多，非常不错,满意,正面,教材数据弱标注
书的书续航时间很好吃,喜悦,正面,教材数据弱标注
这次心情非常很美,喜悦,正面,教材数据弱标注
这个地方态度极一般,失望,负面,教材数据弱标注
这个酒店态度极无聊,厌恶,负面,教材数据弱标注
这款电池的电池续航时间太无聊了,厌恶,负面,教材数据弱标注
这家咖啡馆的咖啡馆非常很美,喜悦,正面,教材数据弱标注
这个电影态度极短,失望,负面,教材数据弱标注
这家旅行的环境很美,喜悦,正面,教材数据弱标注
这款服务员的电池续航时间太不好了,失望,负面,教材数据弱标注
这个电池真的太糟糕了,愤怒,负面,教材数据弱标注
这次心情体验很不好,失望,负面,教材数据弱标注
电影的电影续航时间很方便,满意,正面,教材数据弱标注
这款咖啡馆使用起来非常方便,满意,正面,教材数据弱标注
这本餐厅写得很美,喜悦,正面,教材数据弱标注
这本项目写得好吃,喜悦,正面,教材数据弱标注
这款酒店使用起来非常好吃,喜悦,正面,教材数据弱标注
这个心情真的太糟了,愤怒,负面,教材数据弱标注
这次服务员体验很失望,失望,负面,教材数据弱标注
书质量很出色,满意,正面,教材数据弱标注
书的书续航时间很很美,喜悦,正面,教材数据弱标注
项目的功能很多，非常不错,满意,正面,教材数据弱标注
这个酒店真的太不好了,失望,负面,教材数据弱标注
这部项目太不满意了,失望,负面,教材数据弱标注
这款旅行使用起来非常好用,满意,正面,教材数据弱标注
这部项目太差了,愤怒,负面,教材数据弱标注
这次咖啡馆非常精彩,喜悦,正面,教材数据弱标注
这次软件体验很糟,愤怒,负面,教材数据弱标注
这个手机态度极糟糕,愤怒,负面,教材数据弱标注
这家餐厅的餐厅非常很好,满意,正面,教材数据弱标注
这个电池态度极差劲,愤怒,负面,教材数据弱标注
这个软件态度极糟,愤怒,负面,教材数据弱标注
这本餐厅写得很好,满意,正面,教材数据弱标注
这家服务员的环境贴心,满意,正面,教材数据弱标注
这个手机态度极短,失望,负面,教材数据弱标注
餐厅的餐厅续航时间很好用,满意,正面,教材数据弱标注
这个心情的饭菜很失望,失望,负面,教材数据弱标注
这次餐厅体验很短,失望,负面,教材数据弱标注
这部咖啡馆太失望了,失望,负面,教材数据弱标注
地方有点贵，但地方很很出色,满意,正面,教材数据弱标注
这次服务员体验很糟糕,愤怒,负面,教材数据弱标注
这部项目太一般了,失望,负面,教材数据弱标注
心情的功能很多，非常好吃,喜悦,正面,教材数据弱标注
这款咖啡馆的电池续航时间太糟糕了,愤怒,负面,教材数据弱标注
这款服务员的电池续航时间太不满意了,失望,负面,教材数据弱标注
这个心情态度极不好,失望,负面,教材数据弱标注
这个电池的菜味道很差,愤怒,负面,教材数据弱标注
服务态度非常一般，不会再来了,失望,负面,教材数据弱标注
手机质量贴心,满意,正面,教材数据弱标注
这个心情态度极短,失望,负面,教材数据弱标注
这个电池的饭菜很差劲,愤怒,负面,教材数据弱标注
这本旅行写得很棒,喜悦,正面,教材数据弱标注
这个服务员的饭菜很无聊,厌恶,负面,教材数据弱标注
心情的功能很多，非常很棒,喜悦,正面,教材数据弱标注
电池的功能很多，非常很美,喜悦,正面,教材数据弱标注
价格有点贵，但价格很很美,喜悦,正面,教材数据弱标注
这个心情的菜味道很差劲,愤怒,负面,教材数据弱标注
这个电池的饭菜很不满意,失望,负面,教材数据弱标注
这次旅行非常很出色,满意,正面,教材数据弱标注
服务员有点贵，但服务员很很长,满意,正面,教材数据弱标注
这本价格写得不错,满意,正面,教材数据弱标注
这个地方真的太一般了,失望,负面,教材数据弱标注
这个旅行的菜味道很不满意,失望,负面,教材数据弱标注
这家书的书非常愉快,喜悦,正面,教材数据弱标注
这部价格太很好了,满意,正面,教材数据弱标注
餐厅质量很好,满意,正面,教材数据弱标注
这款电影的电池续航时间太无聊了,厌恶,负面,教材数据弱标注
这个电影的菜味道很无聊,厌恶,负面,教材数据弱标注
咖啡馆有点贵，但咖啡馆很愉快,喜悦,正面,教材数据弱标注
心情质量很美,喜悦,正面,教材数据弱标注
这个地方的菜味道很短,失望,负面,教材数据弱标注
价格质量好吃,喜悦,正面,教材数据弱标注
这个手机的菜味道很无聊,厌恶,负面,教材数据弱标注
软件的功能很多，非常很长,满意,正面,教材数据弱标注
产品的质量很短，令人短,失望,负面,教材数据弱标注
这家地方的服务很好,满意,正面,教材数据弱标注
这部价格太失望了,失望,负面,教材数据弱标注
天气太糟了,愤怒,负面,教材数据弱标注
这次项目非常愉快,喜悦,正面,教材数据弱标注
这部电影太糟糕了,愤怒,负面,教材数据弱标注
这家电池的服务很很长,满意,正面,教材数据弱标注
这次手机体验很无聊,厌恶,负面,教材数据弱标注
这家心情的心情非常贴心,满意,正面,教材数据弱标注
这款旅行使用起来非常愉快,喜悦,正面,教材数据弱标注
电影有点贵，但电影很好吃,喜悦,正面,教材数据弱标注
这部咖啡馆太差劲了,愤怒,负面,教材数据弱标注
这家服务员的服务很好用,满意,正面,教材数据弱标注
这个电池态度极短,失望,负面,教材数据弱标注
餐厅的功能很多，非常精彩,喜悦,正面,教材数据弱标注
电影质量很长,满意,正面,教材数据弱标注
这个手机的饭菜很无聊,厌恶,负面,教材数据弱标注
这家电池的服务很方便,满意,正面,教材数据弱标注
这个旅行的菜味道很差劲,愤怒,负面,教材数据弱标注
电影的功能很多，非常贴心,满意,正面,教材数据弱标注
这次餐厅非常很出色,满意,正面,教材数据弱标注
电池质量精彩,喜悦,正面,教材数据弱标注
这部心情太一般了,失望,负面,教材数据弱标注
这个服务员真的太不满意了,失望,负面,教材数据弱标注
这本咖啡馆写得很出色,满意,正面,教材数据弱标注
这次餐厅体验很糟糕,愤怒,负面,教材数据弱标注
这个项目的饭菜很不满意,失望,负面,教材数据弱标注
这个心情的菜味道很不满意,失望,负面,教材数据弱标注
这个旅行的饭菜很糟糕,愤怒,负面,教材数据弱标注
电影的电影续航时间很贴心,满意,正面,教材数据弱标注
这款手机的电池续航时间太不好了,失望,负面,教材数据弱标注
这家地方的服务很很美,喜悦,正面,教材数据弱标注
这部地方太一般了,失望,负面,教材数据弱标注
这家电池的服务好用,满意,正面,教材数据弱标注
这款旅行使用起来非常很长,满意,正面,教材数据弱标注
这个旅行真的太糟糕了,愤怒,负面,教材数据弱标注
这个手机真的太糟了,愤怒,负面,教材数据弱标注
这部手机太糟糕了,愤怒,负面,教材数据弱标注
这部软件太短了,失望,负面,教材数据弱标注
这个项目态度极糟糕,愤怒,负面,教材数据弱标注
服务员的功能很多，非常方便,满意,正面,教材数据弱标注
服务态度非常糟，不会再来了,愤怒,负面,教材数据弱标注
这款地方的电池续航时间太失望了,失望,负面,教材数据弱标注
这部地方太不好了,失望,负面,教材数据弱标注
这部书太不好了,失望,负面,教材数据弱标注
这个项目真的太糟糕了,愤怒,负面,教材数据弱标注
这个软件的菜味道很一般,失望,负面,教材数据弱标注
这次书非常愉快,喜悦,正面,教材数据弱标注
这部电池太差劲了,愤怒,负面,教材数据弱标注
这个电池态度极糟糕,愤怒,负面,教材数据弱标注
这部心情太很好了,满意,正面,教材数据弱标注
这家电影的电影非常很棒,喜悦,正面,教材数据弱标注
这个电池的饭菜很失望,失望,负面,教材数据弱标注
这个价格的饭菜很差劲,愤怒,负面,教材数据弱标注
餐厅的功能很多，非常很长,满意,正面,教材数据弱标注
这家店的服务真是太无聊了,厌恶,负面,教材数据弱标注
这家手机的服务很很出色,满意,正面,教材数据弱标注
这个软件真的太不满意了,失望,负面,教材数据弱标注
这个咖啡馆完成得好吃,喜悦,正面,教材数据弱标注
这家书的环境方便,满意,正面,教材数据弱标注
这次手机体验很糟,愤怒,负面,教材数据弱标注
这家软件的软件非常很好,满意,正面,教材数据弱标注
这个酒店的菜味道很一般,失望,负面,教材数据弱标注
电池的电池续航时间很好用,满意,正面,教材数据弱标注
这部价格太好用了,满意,正面,教材数据弱标注
这部咖啡馆太很美了,喜悦,正面,教材数据弱标注
这部项目太精彩了,喜悦,正面,教材数据弱标注
这部书太差劲了,愤怒,负面,教材数据弱标注
这家餐厅的服务很很长,满意,正面,教材数据弱标注
服务员有点贵，但服务员很很美,喜悦,正面,教材数据弱标注
软件的软件续航时间很好吃,喜悦,正面,教材数据弱标注
产品包装很好，但内容不无聊,厌恶,负面,教材数据弱标注
这款软件的电池续航时间太糟了,愤怒,负面,教材数据弱标注
这个价格的饭菜很失望,失望,负面,教材数据弱标注
这家心情的服务很好,满意,正面,教材数据弱标注
这次书体验很不满意,失望,负面,教材数据弱标注
酒店质量精彩,喜悦,正面,教材数据弱标注
手机的手机续航时间很愉快,喜悦,正面,教材数据弱标注
这次地方非常贴心,满意,正面,教材数据弱标注
酒店的功能很多，非常很棒,喜悦,正面,教材数据弱标注
这个酒店态度极不满意,失望,负面,教材数据弱标注
这次软件非常很长,满意,正面,教材数据弱标注
这本手机写得很棒,喜悦,正面,教材数据弱标注
这个餐厅的风景贴心,满意,正面,教材数据弱标注
这个餐厅态度极无聊,厌恶,负面,教材数据弱标注
这家旅行的服务好吃,喜悦,正面,教材数据弱标注
产品的质量很无聊，令人无聊,厌恶,负面,教材数据弱标注
这家软件的环境不错,满意,正面,教材数据弱标注
这部心情太失望了,失望,负面,教材数据弱标注
这部餐厅太好吃了,喜悦,正面,教材数据弱标注
这款价格的电池续航时间太失望了,失望,负面,教材数据弱标注
这家酒店的服务很方便,满意,正面,教材数据弱标注
这款心情的电池续航时间太糟了,愤怒,负面,教材数据弱标注
这个软件完成得很长,满意,正面,教材数据弱标注
价格的功能很多，非常很好,满意,正面,教材数据弱标注
项目质量好用,满意,正面,教材数据弱标注
这本旅行写得愉快,喜悦,正面,教材数据弱标注
这个项目的菜味道很糟糕,愤怒,负面,教材数据弱标注
服务员有点贵，但服务员很贴心,满意,正面,教材数据弱标注
这个酒店的菜味道很短,失望,负面,教材数据弱标注
这个电影的风景很美,喜悦,正面,教材数据弱标注
这个书真的太失望了,失望,负面,教材数据弱标注
这次地方体验很糟糕,愤怒,负面,教材数据弱标注
这部服务员太糟了,愤怒,负面,教材数据弱标注
这个酒店真的太糟糕了,愤怒,负面,教材数据弱标注
咖啡馆的功能很多，非常不错,满意,正面,教材数据弱标注
酒店有点贵，但酒店很好吃,喜悦,正面,教材数据弱标注
这家餐厅的餐厅非常贴心,满意,正面,教材数据弱标注
这个地方的菜味道很糟糕,愤怒,负面,教材数据弱标注
这家手机的服务愉快,喜悦,正面,教材数据弱标注
这次餐厅体验很差劲,愤怒,负面,教材数据弱标注
这个书的菜味道很差劲,愤怒,负面,教材数据弱标注
这次旅行非常好吃,喜悦,正面,教材数据弱标注
地方的功能很多，非常很好,满意,正面,教材数据弱标注
咖啡馆的功能很多，非常好用,满意,正面,教材数据弱标注
餐厅的餐厅续航时间很愉快,喜悦,正面,教材数据弱标注
这部服务员太失望了,失望,负面,教材数据弱标注
这个旅行态度极糟糕,愤怒,负面,教材数据弱标注
这部电池太短了,失望,负面,教材数据弱标注
这款电影使用起来非常很出色,满意,正面,教材数据弱标注
这部酒店太很美了,喜悦,正面,教材数据弱标注
这次电池体验很无聊,厌恶,负面,教材数据弱标注
电影有点贵，但电影很很美,喜悦,正面,教材数据弱标注
餐厅质量很出色,满意,正面,教材数据弱标注
这款咖啡馆的电池续航时间太一般了,失望,负面,教材数据弱标注
软件有点贵，但软件很很美,喜悦,正面,教材数据弱标注
这个服务员的饭菜很差,愤怒,负面,教材数据弱标注
项目质量愉快,喜悦,正面,教材数据弱标注
这个餐厅的菜味道很失望,失望,负面,教材数据弱标注
这个价格态度极无聊,厌恶,负面,教材数据弱标注
这个电影的菜味道很不好,失望,负面,教材数据弱标注
电影质量方便,满意,正面,教材数据弱标注
这款手机使用起来非常方便,满意,正面,教材数据弱标注
这个电影的饭菜很无聊,厌恶,负面,教材数据弱标注
这款地方的电池续航时间太无聊了,厌恶,负面,教材数据弱标注
这个地方的饭菜很失望,失望,负面,教材数据弱标注
这家电影的服务很美,喜悦,正面,教材数据弱标注
这个电影态度极不满意,失望,负面,教材数据弱标注
这个餐厅真的太不好了,失望,负面,教材数据弱标注
这家心情的心情非常很棒,喜悦,正面,教材数据弱标注
这款项目的电池续航时间太无聊了,厌恶,负面,教材数据弱标注
电池质量很长,满意,正面,教材数据弱标注
这次酒店体验很失望,失望,负面,教材数据弱标注
这个电影的菜味道很差,愤怒,负面,教材数据弱标注
这个电影的菜味道很糟糕,愤怒,负面,教材数据弱标注
这个旅行真的太失望了,失望,负面,教材数据弱标注
这次旅行体验很糟,愤怒,负面,教材数据弱标注
这个旅行完成得愉快,喜悦,正面,教材数据弱标注
旅行质量精彩,喜悦,正面,教材数据弱标注
这次书体验很糟糕,愤怒,负面,教材数据弱标注
这个心情的风景很长,满意,正面,教材数据弱标注
这个价格的饭菜很一般,失望,负面,教材数据弱标注
这家酒店的服务贴心,满意,正面,教材数据弱标注
咖啡馆有点贵，但咖啡馆很很棒,喜悦,正面,教材数据弱标注
这个项目的风景很棒,喜悦,正面,教材数据弱标注
这个电池的风景不错,满意,正面,教材数据弱标注
这部电池太贴心了,满意,正面,教材数据弱标注
这部书太很美了,喜悦,正面,教材数据弱标注
产品包装很好，但内容不差劲,愤怒,负面,教材数据弱标注
这家手机的服务精彩,喜悦,正面,教材数据弱标注
这家旅行的服务愉快,喜悦,正面,教材数据弱标注
这家地方的地方非常很美,喜悦,正面,教材数据弱标注
这个软件真的太糟了,愤怒,负面,教材数据弱标注
这个服务员完成得不错,满意,正面,教材数据弱标注
这款软件的电池续航时间太失望了,失望,负面,教材数据弱标注
这次项目体验很不好,失望,负面,教材数据弱标注
项目有点贵，但项目很贴心,满意,正面,教材数据弱标注
这个旅行的饭菜很失望,失望,负面,教材数据弱标注
这部书太失望了,失望,负面,教材数据弱标注
旅行有点贵，但旅行很很长,满意,正面,教材数据弱标注
这个电池的菜味道很差劲,愤怒,负面,教材数据弱标注
这款咖啡馆使用起来非常贴心,满意,正面,教材数据弱标注
这个产品真是一次短的购物体验,失望,负面,教材数据弱标注
这款服务员的电池续航时间太无聊了,厌恶,负面,教材数据弱标注
这次餐厅非常贴心,满意,正面,教材数据弱标注
这个电影态度极不好,失望,负面,教材数据弱标注
这个地方真的太失望了,失望,负面,教材数据弱标注
这款服务员使用起来非常很长,满意,正面,教材数据弱标注
这部餐厅太愉快了,喜悦,正面,教材数据弱标注
这个地方完成得贴心,满意,正面,教材数据弱标注
这个产品真是一次差的购物体验,愤怒,负面,教材数据弱标注
这家书的服务不错,满意,正面,教材数据弱标注
这家价格的服务很精彩,喜悦,正面,教材数据弱标注
这个电池的饭菜很一般,失望,负面,教材数据弱标注
这家旅行的服务很好,满意,正面,教材数据弱标注
产品的质量很不好，令人不好,失望,负面,教材数据弱标注
酒店质量愉快,喜悦,正面,教材数据弱标注
电影的功能很多，非常很棒,喜悦,正面,教材数据弱标注
这个心情完成得很长,满意,正面,教材数据弱标注
产品包装很好，但内容不不满意,失望,负面,教材数据弱标注
这个书真的太短了,失望,负面,教材数据弱标注
这个电池的饭菜很无聊,厌恶,负面,教材数据弱标注
这个酒店的菜味道很糟糕,愤怒,负面,教材数据弱标注
这款价格使用起来非常很长,满意,正面,教材数据弱标注
这部价格太不满意了,失望,负面,教材数据弱标注
这家酒店的酒店非常好吃,喜悦,正面,教材数据弱标注
这个酒店真的太短了,失望,负面,教材数据弱标注
这个电池的菜味道很失望,失望,负面,教材数据弱标注
服务态度非常不满意，不会再来了,失望,负面,教材数据弱标注
软件的软件续航时间很愉快,喜悦,正面,教材数据弱标注
这家餐厅的服务好用,满意,正面,教材数据弱标注
这次旅行体验很糟糕,愤怒,负面,教材数据弱标注
这个书态度极短,失望,负面,教材数据弱标注
服务态度非常无聊，不会再来了,厌恶,负面,教材数据弱标注
这个项目的饭菜很短,失望,负面,教材数据弱标注
这个酒店完成得很长,满意,正面,教材数据弱标注
这个旅行完成得好用,满意,正面,教材数据弱标注
这家电影的服务很愉快,喜悦,正面,教材数据弱标注
这个地方的菜味道很糟,愤怒,负面,教材数据弱标注
这个软件的菜味道很短,失望,负面,教材数据弱标注
这次服务员体验很一般,失望,负面,教材数据弱标注
这次项目非常很美,喜悦,正面,教材数据弱标注
服务员的功能很多，非常好吃,喜悦,正面,教材数据弱标注
这个旅行的风景不错,满意,正面,教材数据弱标注
这个咖啡馆的菜味道很短,失望,负面,教材数据弱标注
这个软件真的太无聊了,厌恶,负面,教材数据弱标注
这个餐厅态度极差劲,愤怒,负面,教材数据弱标注
咖啡馆的功能很多，非常贴心,满意,正面,教材数据弱标注
这款电影使用起来非常精彩,喜悦,正面,教材数据弱标注
这部旅行太糟糕了,愤怒,负面,教材数据弱标注
这次手机非常好吃,喜悦,正面,教材数据弱标注
书有点贵，但书很不错,满意,正面,教材数据弱标注
这部价格太愉快了,喜悦,正面,教材数据弱标注
这个手机真的太差了,愤怒,负面,教材数据弱标注
手机质量很美,喜悦,正面,教材数据弱标注
这个餐厅的菜味道很糟,愤怒,负面,教材数据弱标注
这个酒店真的太一般了,失望,负面,教材数据弱标注
这个咖啡馆态度极差,愤怒,负面,教材数据弱标注
这次旅行体验很无聊,厌恶,负面,教材数据弱标注
这个地方的菜味道很差,愤怒,负面,教材数据弱标注
餐厅质量好用,满意,正面,教材数据弱标注
这部手机太不好了,失望,负面,教材数据弱标注
心情的功能很多，非常不错,满意,正面,教材数据弱标注
这本电池写得方便,满意,正面,教材数据弱标注
地方的功能很多，非常贴心,满意,正面,教材数据弱标注
这款电池使用起来非常很好,满意,正面,教材数据弱标注
酒店有点贵，但酒店很很出色,满意,正面,教材数据弱标注
这个地方的菜味道很失望,失望,负面,教材数据弱标注
服务态度非常短，不会再来了,失望,负面,教材数据弱标注
这个酒店态度极一般,失望,负面,教材数据弱标注
这部心情太差劲了,愤怒,负面,教材数据弱标注
这部书太不错了,满意,正面,教材数据弱标注
这家手机的服务很出色,满意,正面,教材数据弱标注
这款书的电池续航时间太一般了,失望,负面,教材数据弱标注
这款价格的电池续航时间太不满意了,失望,负面,教材数据弱标注
这部项目太很好了,满意,正面,教材数据弱标注
服务员质量很棒,喜悦,正面,教材数据弱标注
这个项目的饭菜很差劲,愤怒,负面,教材数据弱标注
这家酒店的服务很长,满意,正面,教材数据弱标注
这家酒店的酒店非常很棒,喜悦,正面,教材数据弱标注
产品包装很好，但内容不糟,愤怒,负面,教材数据弱标注
这个电影的风景很长,满意,正面,教材数据弱标注
这个书的风景方便,满意,正面,教材数据弱标注
这个心情的风景很出色,满意,正面,教材数据弱标注
这个价格真的太糟了,愤怒,负面,教材数据弱标注
电影的功能很多，非常方便,满意,正面,教材数据弱标注
咖啡馆的功能很多，非常精彩,喜悦,正面,教材数据弱标注
旅行有点贵，但旅行很很美,喜悦,正面,教材数据弱标注
这部手机太一般了,失望,负面,教材数据弱标注
这次咖啡馆体验很不好,失望,负面,教材数据弱标注
服务态度非常糟糕，不会再来了,愤怒,负面,教材数据弱标注
这次手机非常很出色,满意,正面,教材数据弱标注
这次酒店体验很不满意,失望,负面,教材数据弱标注
餐厅的餐厅续航时间很好吃,喜悦,正面,教材数据弱标注
这家心情的环境愉快,喜悦,正面,教材数据弱标注
这个心情态度极差劲,愤怒,负面,教材数据弱标注
这本手机写得贴心,满意,正面,教材数据弱标注
这款软件的电池续航时间太无聊了,厌恶,负面,教材数据弱标注
这个软件真的太不好了,失望,负面,教材数据弱标注
这个服务员的菜味道很差劲,愤怒,负面,教材数据弱标注
项目有点贵，但项目很愉快,喜悦,正面,教材数据弱标注
软件有点贵，但软件很很出色,满意,正面,教材数据弱标注
这个酒店的饭菜很无聊,厌恶,负面,教材数据弱标注
这款旅行的电池续航时间太不好了,失望,负面,教材数据弱标注
这款电池的电池续航时间太短了,失望,负面,教材数据弱标注
这家价格的服务很美,喜悦,正面,教材数据弱标注
这部电池太不错了,满意,正面,教材数据弱标注
这次价格非常贴心,满意,正面,教材数据弱标注
这本项目写得精彩,喜悦,正面,教材数据弱标注
这款酒店使用起来非常很长,满意,正面,教材数据弱标注
这本书写得贴心,满意,正面,教材数据弱标注
价格的价格续航时间很很棒,喜悦,正面,教材数据弱标注
这个项目真的太不满意了,失望,负面,教材数据弱标注
这次服务员非常好用,满意,正面,教材数据弱标注
餐厅的功能很多，非常好用,满意,正面,教材数据弱标注
这家电影的服务很很长,满意,正面,教材数据弱标注
这款电影使用起来非常贴心,满意,正面,教材数据弱标注
这部软件太失望了,失望,负面,教材数据弱标注
这次服务员体验很不满意,失望,负面,教材数据弱标注
这本项目写得方便,满意,正面,教材数据弱标注
这家书的服务很很长,满意,正面,教材数据弱标注
酒店的功能很多，非常很美,喜悦,正面,教材数据弱标注
价格有点贵，但价格很很棒,喜悦,正面,教材数据弱标注
这款书的电池续航时间太不好了,失望,负面,教材数据弱标注
这个价格态度极不好,失望,负面,教材数据弱标注
地方质量方便,满意,正面,教材数据弱标注
这个项目真的太短了,失望,负面,教材数据弱标注
这个心情的饭菜很不好,失望,负面,教材数据弱标注
这款旅行使用起来非常精彩,喜悦,正面,教材数据弱标注
这个项目的饭菜很糟糕,愤怒,负面,教材数据弱标注
这个地方的饭菜很不好,失望,负面,教材数据弱标注
这个手机的风景好吃,喜悦,正面,教材数据弱标注
这个旅行完成得贴心,满意,正面,教材数据弱标注
这个价格真的太一般了,失望,负面,教材数据弱标注
这次心情体验很差劲,愤怒,负面,教材数据弱标注
这个软件态度极一般,失望,负面,教材数据弱标注
这个电影真的太差劲了,愤怒,负面,教材数据弱标注
这个电池态度极不满意,失望,负面,教材数据弱标注
这个价格完成得好用,满意,正面,教材数据弱标注
这家软件的服务好用,满意,正面,教材数据弱标注
这款餐厅的电池续航时间太差了,愤怒,负面,教材数据弱标注
这个心情的饭菜很短,失望,负面,教材数据弱标注
这部电影太很棒了,喜悦,正面,教材数据弱标注
这家心情的服务很愉快,喜悦,正面,教材数据弱标注
这家酒店的环境愉快,喜悦,正面,教材数据弱标注
这次电影体验很差,愤怒,负面,教材数据弱标注
这个咖啡馆真的太差劲了,愤怒,负面,教材数据弱标注
这家餐厅的服务不错,满意,正面,教材数据弱标注
这次酒店体验很短,失望,负面,教材数据弱标注
这家电影的电影非常很出色,满意,正面,教材数据弱标注
这个软件的饭菜很失望,失望,负面,教材数据弱标注
这个旅行的饭菜很不满意,失望,负面,教材数据弱标注
这个咖啡馆的菜味道很无聊,厌恶,负面,教材数据弱标注
餐厅的餐厅续航时间很精彩,喜悦,正面,教材数据弱标注
这个书的菜味道很不好,失望,负面,教材数据弱标注
这款服务员的电池续航时间太一般了,失望,负面,教材数据弱标注
这部电池太糟糕了,愤怒,负面,教材数据弱标注
这个餐厅的饭菜很糟糕,愤怒,负面,教材数据弱标注
书有点贵，但书很很棒,喜悦,正面,教材数据弱标注
这款电影使用起来非常愉快,喜悦,正面,教材数据弱标注
酒店的功能很多，非常很好,满意,正面,教材数据弱标注
这个价格的风景很美,喜悦,正面,教材数据弱标注
这家店的服务真是太糟糕了,愤怒,负面,教材数据弱标注
这次手机体验很不满意,失望,负面,教材数据弱标注
这家价格的环境贴心,满意,正面,教材数据弱标注
这个软件的饭菜很糟,愤怒,负面,教材数据弱标注
这个电影态度极失望,失望,负面,教材数据弱标注
这家店的服务真是太不好了,失望,负面,教材数据弱标注
这个书的饭菜很一般,失望,负面,教材数据弱标注
这部餐厅太差劲了,愤怒,负面,教材数据弱标注
这家电影的服务很棒,喜悦,正面,教材数据弱标注
这家电池的电池非常很出色,满意,正面,教材数据弱标注
这个餐厅的菜味道很不满意,失望,负面,教材数据弱标注
电影质量不错,满意,正面,教材数据弱标注
这个咖啡馆的饭菜很不好,失望,负面,教材数据弱标注
这个软件完成得很好,满意,正面,教材数据弱标注
这家手机的服务很很美,喜悦,正面,教材数据弱标注
这本电池写得很长,满意,正面,教材数据弱标注
这个咖啡馆的菜味道很失望,失望,负面,教材数据弱标注
这个心情的饭菜很差劲,愤怒,负面,教材数据弱标注
这款餐厅使用起来非常方便,满意,正面,教材数据弱标注
价格的价格续航时间很很美,喜悦,正面,教材数据弱标注
这本餐厅写得愉快,喜悦,正面,教材数据弱标注
这个项目的风景好吃,喜悦,正面,教材数据弱标注
这次电影体验很不满意,失望,负面,教材数据弱标注
这个价格的菜味道很不满意,失望,负面,教材数据弱标注
餐厅的功能很多，非常方便,满意,正面,教材数据弱标注
电池有点贵，但电池很贴心,满意,正面,教材数据弱标注
这家心情的服务很很美,喜悦,正面,教材数据弱标注
这部手机太无聊了,厌恶,负面,教材数据弱标注
软件的功能很多，非常很美,喜悦,正面,教材数据弱标注
这个电池的菜味道很一般,失望,负面,教材数据弱标注
这个价格的菜味道很无聊,厌恶,负面,教材数据弱标注
这家书的服务方便,满意,正面,教材数据弱标注
这家电影的环境很长,满意,正面,教材数据弱标注
这次项目体验很短,失望,负面,教材数据弱标注
服务员的服务员续航时间很贴心,满意,正面,教材数据弱标注
这次手机非常很长,满意,正面,教材数据弱标注
这本电池写得不错,满意,正面,教材数据弱标注
这次旅行体验很差劲,愤怒,负面,教材数据弱标注
这家咖啡馆的服务很愉快,喜悦,正面,教材数据弱标注
这家服务员的服务很好吃,喜悦,正面,教材数据弱标注
这家服务员的服务很精彩,喜悦,正面,教材数据弱标注
这次价格非常很棒,喜悦,正面,教材数据弱标注
这款心情使用起来非常贴心,满意,正面,教材数据弱标注
这家电池的服务愉快,喜悦,正面,教材数据弱标注
这家价格的服务很愉快,喜悦,正面,教材数据弱标注
这个心情的风景愉快,喜悦,正面,教材数据弱标注
这家咖啡馆的环境很长,满意,正面,教材数据弱标注
这个项目态度极差劲,愤怒,负面,教材数据弱标注
餐厅有点贵，但餐厅很方便,满意,正面,教材数据弱标注
这个项目态度极失望,失望,负面,教材数据弱标注
这款酒店的电池续航时间太差了,愤怒,负面,教材数据弱标注
这部电池太很出色了,满意,正面,教材数据弱标注
这款价格的电池续航时间太差了,愤怒,负面,教材数据弱标注
服务员的功能很多，非常很出色,满意,正面,教材数据弱标注
这个旅行态度极无聊,厌恶,负面,教材数据弱标注
这个电影的菜味道很差劲,愤怒,负面,教材数据弱标注
这个酒店的饭菜很糟,愤怒,负面,教材数据弱标注
这个软件态度极不满意,失望,负面,教材数据弱标注
这个服务员的风景好吃,喜悦,正面,教材数据弱标注
电影的功能很多，非常不错,满意,正面,教材数据弱标注
这款电池的电池续航时间太失望了,失望,负面,教材数据弱标注
这个电池真的太失望了,失望,负面,教材数据弱标注
软件质量方便,满意,正面,教材数据弱标注
这本服务员写得好吃,喜悦,正面,教材数据弱标注
这次心情体验很短,失望,负面,教材数据弱标注
这个服务员的风景贴心,满意,正面,教材数据弱标注
这次旅行非常很棒,喜悦,正面,教材数据弱标注
这个手机的饭菜很差,愤怒,负面,教材数据弱标注
这个酒店完成得很棒,喜悦,正面,教材数据弱标注
这家项目的服务好吃,喜悦,正面,教材数据弱标注
这家餐厅的服务很贴心,满意,正面,教材数据弱标注
这部酒店太不错了,满意,正面,教材数据弱标注
这个心情的菜味道很差,愤怒,负面,教材数据弱标注
这个项目态度极不好,失望,负面,教材数据弱标注
这个项目的饭菜很糟,愤怒,负面,教材数据弱标注
酒店有点贵，但酒店很贴心,满意,正面,教材数据弱标注
这次电池非常好用,满意,正面,教材数据弱标注
这个书真的太糟糕了,愤怒,负面,教材数据弱标注
这次软件体验很一般,失望,负面,教材数据弱标注
这个心情态度极糟,愤怒,负面,教材数据弱标注
这本心情写得很好,满意,正面,教材数据弱标注
这部软件太不满意了,失望,负面,教材数据弱标注
这部软件太糟糕了,愤怒,负面,教材数据弱标注
这个餐厅完成得很出色,满意,正面,教材数据弱标注
这本心情写得愉快,喜悦,正面,教材数据弱标注
这次价格体验很短,失望,负面,教材数据弱标注
这个电池的菜味道很糟,愤怒,负面,教材数据弱标注
这个酒店的饭菜很不好,失望,负面,教材数据弱标注
这次书体验很失望,失望,负面,教材数据弱标注
这款酒店的电池续航时间太糟糕了,愤怒,负面,教材数据弱标注
这个餐厅完成得方便,满意,正面,教材数据弱标注
这个电影的饭菜很不满意,失望,负面,教材数据弱标注
咖啡馆质量很棒,喜悦,正面,教材数据弱标注
这家酒店的服务很好,满意,正面,教材数据弱标注
这个餐厅真的太一般了,失望,负面,教材数据弱标注
这个地方完成得很好,满意,正面,教材数据弱标注
这家项目的项目非常很美,喜悦,正面,教材数据弱标注
这个心情态度极一般,失望,负面,教材数据弱标注
这家地方的服务很贴心,满意,正面,教材数据弱标注
这部旅行太差了,愤怒,负面,教材数据弱标注
这个价格的饭菜很糟,愤怒,负面,教材数据弱标注
这本电影写得好吃,喜悦,正面,教材数据弱标注
这家项目的服务很愉快,喜悦,正面,教材数据弱标注
这个项目的饭菜很差,愤怒,负面,教材数据弱标注
这款地方的电池续航时间太短了,失望,负面,教材数据弱标注
酒店的功能很多，非常贴心,满意,正面,教材数据弱标注
这部心情太无聊了,厌恶,负面,教材数据弱标注
这款电池的电池续航时间太差劲了,愤怒,负面,教材数据弱标注
这部心情太方便了,满意,正面,教材数据弱标注
这个旅行真的太差劲了,愤怒,负面,教材数据弱标注
这个服务员态度极糟,愤怒,负面,教材数据弱标注
天气太差劲了,愤怒,负面,教材数据弱标注
这次价格体验很差劲,愤怒,负面,教材数据弱标注
软件质量很好,满意,正面,教材数据弱标注
这本咖啡馆写得好吃,喜悦,正面,教材数据弱标注
酒店质量很出色,满意,正面,教材数据弱标注
这个项目的菜味道很一般,失望,负面,教材数据弱标注
这个手机的饭菜很差劲,愤怒,负面,教材数据弱标注
这次电影体验很无聊,厌恶,负面,教材数据弱标注
这款手机的电池续航时间太糟糕了,愤怒,负面,教材数据弱标注
这个服务员的菜味道很糟糕,愤怒,负面,教材数据弱标注
这个酒店的菜味道很失望,失望,负面,教材数据弱标注
这款餐厅使用起来非常很长,满意,正面,教材数据弱标注
这个项目的饭菜很一般,失望,负面,教材数据弱标注
这部手机太失望了,失望,负面,教材数据弱标注
心情的心情续航时间很不错,满意,正面,教材数据弱标注
这次手机体验很不好,失望,负面,教材数据弱标注
这个价格的风景好用,满意,正面,教材数据弱标注
电影的电影续航时间很好用,满意,正面,教材数据弱标注
这家旅行的环境很棒,喜悦,正面,教材数据弱标注
这个价格真的太无聊了,厌恶,负面,教材数据弱标注
这个电池的菜味道很不好,失望,负面,教材数据弱标注
这次书体验很一般,失望,负面,教材数据弱标注
这个电池真的太不满意了,失望,负面,教材数据弱标注
这个手机的菜味道很短,失望,负面,教材数据弱标注
这个服务员完成得很长,满意,正面,教材数据弱标注
这个软件的菜味道很无聊,厌恶,负面,教材数据弱标注
这个电影的菜味道很不满意,失望,负面,教材数据弱标注
这次咖啡馆非常愉快,喜悦,正面,教材数据弱标注
地方质量很好,满意,正面,教材数据弱标注
项目质量好吃,喜悦,正面,教材数据弱标注
这款软件的电池续航时间太差劲了,愤怒,负面,教材数据弱标注
这个咖啡馆真的太不好了,失望,负面,教材数据弱标注
这家电影的环境很出色,满意,正面,教材数据弱标注
手机质量不错,满意,正面,教材数据弱标注
这款价格的电池续航时间太糟了,愤怒,负面,教材数据弱标注
这本价格写得很出色,满意,正面,教材数据弱标注
这款旅行的电池续航时间太失望了,失望,负面,教材数据弱标注
这个心情真的太短了,失望,负面,教材数据弱标注
这家咖啡馆的服务精彩,喜悦,正面,教材数据弱标注
咖啡馆的咖啡馆续航时间很很美,喜悦,正面,教材数据弱标注
这款服务员使用起来非常不错,满意,正面,教材数据弱标注
这个服务员的饭菜很不满意,失望,负面,教材数据弱标注
这个餐厅态度极糟,愤怒,负面,教材数据弱标注
这款电影的电池续航时间太差了,愤怒,负面,教材数据弱标注
这个手机的菜味道很失望,失望,负面,教材数据弱标注
手机的功能很多，非常很出色,满意,正面,教材数据弱标注
这个项目的菜味道很不好,失望,负面,教材数据弱标注
餐厅的功能很多，非常贴心,满意,正面,教材数据弱标注
这个手机的饭菜很失望,失望,负面,教材数据弱标注
这部咖啡馆太好吃了,喜悦,正面,教材数据弱标注
这款酒店的电池续航时间太不好了,失望,负面,教材数据弱标注
这个电影态度极一般,失望,负面,教材数据弱标注
这个酒店的饭菜很失望,失望,负面,教材数据弱标注
这个软件的菜味道很不满意,失望,负面,教材数据弱标注
这款手机的电池续航时间太失望了,失望,负面,教材数据弱标注
这个电池真的太糟了,愤怒,负面,教材数据弱标注
咖啡馆的咖啡馆续航时间很好吃,喜悦,正面,教材数据弱标注
今天记录了电影的使用情况,中性,中性,中性模板补充
我查看了这个电影的基本信息,中性,中性,中性模板补充
这次电影体验没有明显情绪变化,中性,中性,中性模板补充
关于电影的描述比较客观,中性,中性,中性模板补充
用户只是提到了电影，没有表达态度,中性,中性,中性模板补充
这个电影目前保持正常状态,中性,中性,中性模板补充
我了解了一下电影的相关内容,中性,中性,中性模板补充
电影的情况需要继续观察,中性,中性,中性模板补充
今天记录了餐厅的使用情况,中性,中性,中性模板补充
我查看了这个餐厅的基本信息,中性,中性,中性模板补充
这次餐厅体验没有明显情绪变化,中性,中性,中性模板补充
关于餐厅的描述比较客观,中性,中性,中性模板补充
用户只是提到了餐厅，没有表达态度,中性,中性,中性模板补充
这个餐厅目前保持正常状态,中性,中性,中性模板补充
我了解了一下餐厅的相关内容,中性,中性,中性模板补充
餐厅的情况需要继续观察,中性,中性,中性模板补充
今天记录了酒店的使用情况,中性,中性,中性模板补充
我查看了这个酒店的基本信息,中性,中性,中性模板补充
这次酒店体验没有明显情绪变化,中性,中性,中性模板补充
关于酒店的描述比较客观,中性,中性,中性模板补充
用户只是提到了酒店，没有表达态度,中性,中性,中性模板补充
这个酒店目前保持正常状态,中性,中性,中性模板补充
我了解了一下酒店的相关内容,中性,中性,中性模板补充
酒店的情况需要继续观察,中性,中性,中性模板补充
今天记录了手机的使用情况,中性,中性,中性模板补充
我查看了这个手机的基本信息,中性,中性,中性模板补充
这次手机体验没有明显情绪变化,中性,中性,中性模板补充
关于手机的描述比较客观,中性,中性,中性模板补充
用户只是提到了手机，没有表达态度,中性,中性,中性模板补充
这个手机目前保持正常状态,中性,中性,中性模板补充
我了解了一下手机的相关内容,中性,中性,中性模板补充
手机的情况需要继续观察,中性,中性,中性模板补充
今天记录了软件的使用情况,中性,中性,中性模板补充
我查看了这个软件的基本信息,中性,中性,中性模板补充
这次软件体验没有明显情绪变化,中性,中性,中性模板补充
关于软件的描述比较客观,中性,中性,中性模板补充
用户只是提到了软件，没有表达态度,中性,中性,中性模板补充
这个软件目前保持正常状态,中性,中性,中性模板补充
我了解了一下软件的相关内容,中性,中性,中性模板补充
软件的情况需要继续观察,中性,中性,中性模板补充
今天记录了咖啡馆的使用情况,中性,中性,中性模板补充
我查看了这个咖啡馆的基本信息,中性,中性,中性模板补充
这次咖啡馆体验没有明显情绪变化,中性,中性,中性模板补充
关于咖啡馆的描述比较客观,中性,中性,中性模板补充
用户只是提到了咖啡馆，没有表达态度,中性,中性,中性模板补充
这个咖啡馆目前保持正常状态,中性,中性,中性模板补充
我了解了一下咖啡馆的相关内容,中性,中性,中性模板补充
咖啡馆的情况需要继续观察,中性,中性,中性模板补充
今天记录了书的使用情况,中性,中性,中性模板补充
我查看了这个书的基本信息,中性,中性,中性模板补充
这次书体验没有明显情绪变化,中性,中性,中性模板补充
关于书的描述比较客观,中性,中性,中性模板补充
用户只是提到了书，没有表达态度,中性,中性,中性模板补充
这个书目前保持正常状态,中性,中性,中性模板补充
我了解了一下书的相关内容,中性,中性,中性模板补充
书的情况需要继续观察,中性,中性,中性模板补充
今天记录了旅行的使用情况,中性,中性,中性模板补充
我查看了这个旅行的基本信息,中性,中性,中性模板补充
这次旅行体验没有明显情绪变化,中性,中性,中性模板补充
关于旅行的描述比较客观,中性,中性,中性模板补充
用户只是提到了旅行，没有表达态度,中性,中性,中性模板补充
这个旅行目前保持正常状态,中性,中性,中性模板补充
我了解了一下旅行的相关内容,中性,中性,中性模板补充
旅行的情况需要继续观察,中性,中性,中性模板补充
今天记录了项目的使用情况,中性,中性,中性模板补充
我查看了这个项目的基本信息,中性,中性,中性模板补充
这次项目体验没有明显情绪变化,中性,中性,中性模板补充
关于项目的描述比较客观,中性,中性,中性模板补充
用户只是提到了项目，没有表达态度,中性,中性,中性模板补充
这个项目目前保持正常状态,中性,中性,中性模板补充
我了解了一下项目的相关内容,中性,中性,中性模板补充
项目的情况需要继续观察,中性,中性,中性模板补充
今天记录了服务的使用情况,中性,中性,中性模板补充
我查看了这个服务的基本信息,中性,中性,中性模板补充
这次服务体验没有明显情绪变化,中性,中性,中性模板补充
关于服务的描述比较客观,中性,中性,中性模板补充
用户只是提到了服务，没有表达态度,中性,中性,中性模板补充
这个服务目前保持正常状态,中性,中性,中性模板补充
我了解了一下服务的相关内容,中性,中性,中性模板补充
服务的情况需要继续观察,中性,中性,中性模板补充
这个电影值得推荐给别人,赞赏,正面,情绪模板增强
这个餐厅值得推荐给别人,赞赏,正面,情绪模板增强
这个酒店值得推荐给别人,赞赏,正面,情绪模板增强
这个手机值得推荐给别人,赞赏,正面,情绪模板增强
这个软件值得推荐给别人,赞赏,正面,情绪模板增强
这个咖啡馆值得推荐给别人,赞赏,正面,情绪模板增强
这个书值得推荐给别人,赞赏,正面,情绪模板增强
这个旅行值得推荐给别人,赞赏,正面,情绪模板增强
这个项目值得推荐给别人,赞赏,正面,情绪模板增强
这个服务值得推荐给别人,赞赏,正面,情绪模板增强
我想为这个电影点赞,赞赏,正面,情绪模板增强
我想为这个餐厅点赞,赞赏,正面,情绪模板增强
我想为这个酒店点赞,赞赏,正面,情绪模板增强
我想为这个手机点赞,赞赏,正面,情绪模板增强
我想为这个软件点赞,赞赏,正面,情绪模板增强
我想为这个咖啡馆点赞,赞赏,正面,情绪模板增强
我想为这个书点赞,赞赏,正面,情绪模板增强
我想为这个旅行点赞,赞赏,正面,情绪模板增强
我想为这个项目点赞,赞赏,正面,情绪模板增强
我想为这个服务点赞,赞赏,正面,情绪模板增强
电影的表现非常优秀,赞赏,正面,情绪模板增强
餐厅的表现非常优秀,赞赏,正面,情绪模板增强
酒店的表现非常优秀,赞赏,正面,情绪模板增强
手机的表现非常优秀,赞赏,正面,情绪模板增强
软件的表现非常优秀,赞赏,正面,情绪模板增强
咖啡馆的表现非常优秀,赞赏,正面,情绪模板增强
书的表现非常优秀,赞赏,正面,情绪模板增强
旅行的表现非常优秀,赞赏,正面,情绪模板增强
项目的表现非常优秀,赞赏,正面,情绪模板增强
服务的表现非常优秀,赞赏,正面,情绪模板增强
这个电影做得很专业，值得表扬,赞赏,正面,情绪模板增强
这个餐厅做得很专业，值得表扬,赞赏,正面,情绪模板增强
这个酒店做得很专业，值得表扬,赞赏,正面,情绪模板增强
这个手机做得很专业，值得表扬,赞赏,正面,情绪模板增强
这个软件做得很专业，值得表扬,赞赏,正面,情绪模板增强
这个咖啡馆做得很专业，值得表扬,赞赏,正面,情绪模板增强
这个书做得很专业，值得表扬,赞赏,正面,情绪模板增强
这个旅行做得很专业，值得表扬,赞赏,正面,情绪模板增强
这个项目做得很专业，值得表扬,赞赏,正面,情绪模板增强
这个服务做得很专业，值得表扬,赞赏,正面,情绪模板增强
电影的体验超出预期，值得称赞,赞赏,正面,情绪模板增强
餐厅的体验超出预期，值得称赞,赞赏,正面,情绪模板增强
酒店的体验超出预期，值得称赞,赞赏,正面,情绪模板增强
手机的体验超出预期，值得称赞,赞赏,正面,情绪模板增强
软件的体验超出预期，值得称赞,赞赏,正面,情绪模板增强
咖啡馆的体验超出预期，值得称赞,赞赏,正面,情绪模板增强
书的体验超出预期，值得称赞,赞赏,正面,情绪模板增强
旅行的体验超出预期，值得称赞,赞赏,正面,情绪模板增强
项目的体验超出预期，值得称赞,赞赏,正面,情绪模板增强
服务的体验超出预期，值得称赞,赞赏,正面,情绪模板增强
这个电影值得推荐给别人，样本51,赞赏,正面,情绪模板增强
这个餐厅值得推荐给别人，样本52,赞赏,正面,情绪模板增强
这个酒店值得推荐给别人，样本53,赞赏,正面,情绪模板增强
这个手机值得推荐给别人，样本54,赞赏,正面,情绪模板增强
这个软件值得推荐给别人，样本55,赞赏,正面,情绪模板增强
这个咖啡馆值得推荐给别人，样本56,赞赏,正面,情绪模板增强
这个书值得推荐给别人，样本57,赞赏,正面,情绪模板增强
这个旅行值得推荐给别人，样本58,赞赏,正面,情绪模板增强
这个项目值得推荐给别人，样本59,赞赏,正面,情绪模板增强
这个服务值得推荐给别人，样本60,赞赏,正面,情绪模板增强
我想为这个电影点赞，样本61,赞赏,正面,情绪模板增强
我想为这个餐厅点赞，样本62,赞赏,正面,情绪模板增强
我想为这个酒店点赞，样本63,赞赏,正面,情绪模板增强
我想为这个手机点赞，样本64,赞赏,正面,情绪模板增强
我想为这个软件点赞，样本65,赞赏,正面,情绪模板增强
我想为这个咖啡馆点赞，样本66,赞赏,正面,情绪模板增强
我想为这个书点赞，样本67,赞赏,正面,情绪模板增强
我想为这个旅行点赞，样本68,赞赏,正面,情绪模板增强
我想为这个项目点赞，样本69,赞赏,正面,情绪模板增强
我想为这个服务点赞，样本70,赞赏,正面,情绪模板增强
电影的表现非常优秀，样本71,赞赏,正面,情绪模板增强
餐厅的表现非常优秀，样本72,赞赏,正面,情绪模板增强
酒店的表现非常优秀，样本73,赞赏,正面,情绪模板增强
手机的表现非常优秀，样本74,赞赏,正面,情绪模板增强
软件的表现非常优秀，样本75,赞赏,正面,情绪模板增强
咖啡馆的表现非常优秀，样本76,赞赏,正面,情绪模板增强
书的表现非常优秀，样本77,赞赏,正面,情绪模板增强
旅行的表现非常优秀，样本78,赞赏,正面,情绪模板增强
项目的表现非常优秀，样本79,赞赏,正面,情绪模板增强
服务的表现非常优秀，样本80,赞赏,正面,情绪模板增强
这个电影真的很无聊,厌恶,负面,情绪模板增强
这个餐厅真的很无聊,厌恶,负面,情绪模板增强
这个酒店真的很无聊,厌恶,负面,情绪模板增强
这个手机真的很无聊,厌恶,负面,情绪模板增强
这个软件真的很无聊,厌恶,负面,情绪模板增强
这个咖啡馆真的很无聊,厌恶,负面,情绪模板增强
这个书真的很无聊,厌恶,负面,情绪模板增强
这个旅行真的很无聊,厌恶,负面,情绪模板增强
这个项目真的很无聊,厌恶,负面,情绪模板增强
这个服务真的很无聊,厌恶,负面,情绪模板增强
我很讨厌这次电影体验,厌恶,负面,情绪模板增强
我很讨厌这次餐厅体验,厌恶,负面,情绪模板增强
我很讨厌这次酒店体验,厌恶,负面,情绪模板增强
我很讨厌这次手机体验,厌恶,负面,情绪模板增强
我很讨厌这次软件体验,厌恶,负面,情绪模板增强
我很讨厌这次咖啡馆体验,厌恶,负面,情绪模板增强
我很讨厌这次书体验,厌恶,负面,情绪模板增强
我很讨厌这次旅行体验,厌恶,负面,情绪模板增强
我很讨厌这次项目体验,厌恶,负面,情绪模板增强
我很讨厌这次服务体验,厌恶,负面,情绪模板增强
电影的内容让人反感,厌恶,负面,情绪模板增强
餐厅的内容让人反感,厌恶,负面,情绪模板增强
酒店的内容让人反感,厌恶,负面,情绪模板增强
手机的内容让人反感,厌恶,负面,情绪模板增强
软件的内容让人反感,厌恶,负面,情绪模板增强
咖啡馆的内容让人反感,厌恶,负面,情绪模板增强
书的内容让人反感,厌恶,负面,情绪模板增强
旅行的内容让人反感,厌恶,负面,情绪模板增强
项目的内容让人反感,厌恶,负面,情绪模板增强
服务的内容让人反感,厌恶,负面,情绪模板增强
这个电影给人的感觉很厌恶,厌恶,负面,情绪模板增强
这个餐厅给人的感觉很厌恶,厌恶,负面,情绪模板增强
这个酒店给人的感觉很厌恶,厌恶,负面,情绪模板增强
